Sample ID	Ridge	RFR	MLP
Sample_1	0.9201052246865813	0.9144226210317461	0.9234520196914673
Sample_2	0.652404963551708	0.6973043884018765	0.6676016449928284
Sample_3	0.8904105618167026	0.868287295634921	0.8708831071853638
Sample_4	0.7892084948918435	0.7022826270833332	0.7945254445075989
Sample_5	0.591327264705439	0.6293231414682537	0.5699751377105713
Sample_6	0.4866094811567392	0.46471138253968275	0.46752652525901794
